#SampleID	BarcodeSequence	LinkerPrimerSequence	Sample	Modality	Description
P2CC81SR		TTGAAAGGGAAACGATTGAAG	P2	CC	NA
P2CC82SR		TTGAAAGGGAAACGATTGAAG	P2	CC	NA
P2CC89SR		TTGAAAGGGAAACGATTGAAG	P2	CC	NA
P2CC90SR		TTGAAAGGGAAACGATTGAAG	P2	CC	NA
P2CC91SR		TTGAAAGGGAAACGATTGAAG	P2	CC	NA
P2FC65SR		TTGAAAGGGAAACGATTGAAG	P2	FC	NA
P2FC66SR		TTGAAAGGGAAACGATTGAAG	P2	FC	NA
P2FC67SR		TTGAAAGGGAAACGATTGAAG	P2	FC	NA
P2FC73SR		TTGAAAGGGAAACGATTGAAG	P2	FC	NA
P2FC74SR		TTGAAAGGGAAACGATTGAAG	P2	FC	NA
P2FF49SR		TTGAAAGGGAAACGATTGAAG	P2	FF	NA
P2FF50SR		TTGAAAGGGAAACGATTGAAG	P2	FF	NA
P2FF51SR		TTGAAAGGGAAACGATTGAAG	P2	FF	NA
P2FF57SR		TTGAAAGGGAAACGATTGAAG	P2	FF	NA
P2FF58SR		TTGAAAGGGAAACGATTGAAG	P2	FF	NA
P2SN8		TTGAAAGGGAAACGATTGAAG	P2	SN	NA
P2SN10		TTGAAAGGGAAACGATTGAAG	P2	SN	NA
P2SN12		TTGAAAGGGAAACGATTGAAG	P2	SN	NA
P3CC98SR		TTGAAAGGGAAACGATTGAAG	P3	CC	NA
P3CC99SR		TTGAAAGGGAAACGATTGAAG	P3	CC	NA
P3CC106SR		TTGAAAGGGAAACGATTGAAG	P3	CC	NA
P3CC107SR		TTGAAAGGGAAACGATTGAAG	P3	CC	NA
P3CC110SR		TTGAAAGGGAAACGATTGAAG	P3	CC	NA
P3CC0113SR		TTGAAAGGGAAACGATTGAAG	P3	CC0	NA
P3CC0114SR		TTGAAAGGGAAACGATTGAAG	P3	CC0	NA
P3CC0115SR		TTGAAAGGGAAACGATTGAAG	P3	CC0	NA
P3CC0164SR		TTGAAAGGGAAACGATTGAAG	P3	CC0	NA
P3CC0165SR		TTGAAAGGGAAACGATTGAAG	P3	CC0	NA
P3CF0129SR		TTGAAAGGGAAACGATTGAAG	P3	CF0	NA
P3CF0130SR		TTGAAAGGGAAACGATTGAAG	P3	CF0	NA
P3CF0131SR		TTGAAAGGGAAACGATTGAAG	P3	CF0	NA
P3CF0137SR		TTGAAAGGGAAACGATTGAAG	P3	CF0	NA
P3CF0138SR		TTGAAAGGGAAACGATTGAAG	P3	CF0	NA
P3SN13		TTGAAAGGGAAACGATTGAAG	P3	SN	NA
P3SN14		TTGAAAGGGAAACGATTGAAG	P3	SN	NA
P3SN15		TTGAAAGGGAAACGATTGAAG	P3	SN	NA
P3SN17		TTGAAAGGGAAACGATTGAAG	P3	SN	NA
P3SN18		TTGAAAGGGAAACGATTGAAG	P3	SN	NA
